书名,作者,译者,星数,评价人数,引语,出版社,出版时间,价格
红楼梦,[清] 曹雪芹 著 , ,9.6,286891,都云作者痴，谁解其中味？, 人民文学出版社 , 1996-12 , 59.70元
活着,余华 , ,9.4,485750,生的苦难与伟大, 作家出版社 , 2012-8-1 , 20.00元
百年孤独,[哥伦比亚] 加西亚·马尔克斯 , 范晔 ,9.2,290163,魔幻现实主义文学代表作, 南海出版公司 , 2011-6 , 39.50元
1984,[英] 乔治·奥威尔 , 刘绍铭 ,9.3,144686,栗树荫下，我出卖你，你出卖我, 北京十月文艺出版社 , 2010-4-1 , 28.00
飘,[美国] 玛格丽特·米切尔 , 李美华 ,9.3,156165,革命时期的爱情，随风而逝, 译林出版社 , 2000-9 , 40.00元
三体全集,刘慈欣 , ,9.4,45868,地球往事三部曲, 重庆出版社 , 2012-1-1 , 168.00元
三国演义（全二册）,[明] 罗贯中 , ,9.3,120176,是非成败转头空, 人民文学出版社 , 1998-05 , 39.50元
白夜行,[日] 东野圭吾 , 刘姿君 ,9.1,263562,一宗离奇命案牵出跨度近20年步步惊心的故事, 南海出版公司 , 2013-1-1 , 39.50元
福尔摩斯探案全集（上中下）,[英] 阿·柯南道尔 , ,9.2,90740,名侦探的代名词, 1981-8 , 53.00元,68.00元
动物农场,[英] 乔治·奥威尔 , 荣如德 ,9.2,88890,太阳底下并无新事, 上海译文出版社 , 2007-3 , 10.00元
房思琪的初恋乐园,林奕含 , ,9.2,186929,向死而生的文学绝唱, 北京联合出版公司 , 2018-1 , 45.00元
小王子,[法] 圣埃克苏佩里 , 马振聘 ,9.0,569709,献给长成了大人的孩子们, 人民文学出版社 , 2003-8 , 22.00元
天龙八部,金庸 , ,9.1,101431,有情皆孽，无人不冤, 生活.读书.新知三联书店 , 1994-5 , 96.0
撒哈拉的故事,三毛 , ,9.2,75706,游荡的自由灵魂, 哈尔滨出版社 , 2003-8 , 15.80元
安徒生童话故事集,（丹麦）安徒生 , 叶君健 ,9.2,87346,为了争取未来的一代, 人民文学出版社 , 1997-08 , 25.00元
哈利•波特,J.K.罗琳 (J.K.Rowling) , ,9.7,19459,从9¾站台开始的旅程, 人民文学出版社 , 2008-12-1 , 498.00元
人类简史,[以色列] 尤瓦尔·赫拉利 , 林俊宏 ,9.1,129225,跟着人类一同走过十万年, 中信出版社 , 2014-11 , CNY 68.00
沉默的大多数,王小波 , ,9.1,98937,沉默是沉默者的通行证, 中国青年出版社 , 1997-10 , 27.00元
围城,钱锺书 , ,8.9,368959,幽默的语言和对生活深刻的观察, 人民文学出版社 , 1991-2 , 19.00
平凡的世界（全三部）,路遥 , ,9.0,248208,中国当代城乡生活全景, 人民文学出版社 , 2005-1 , 64.00元
霍乱时期的爱情,[哥伦比亚] 加西亚·马尔克斯 , 杨玲 ,9.0,181224,义无反顾地直达爱情的核心, 南海出版公司 , 2012-9-1 , 39.50元
明朝那些事儿（1-9）,当年明月 , ,9.1,84848,不拘一格的历史书写, 中国海关出版社 , 2009-4 , 358.20元
局外人,[法] 阿尔贝·加缪 , 柳鸣九 ,9.0,125943,人生在世，永远也不该演戏作假, 上海译文出版社 , 2010-8 , 22.00元
杀死一只知更鸟,[美] 哈珀·李 , 高红梅 ,9.2,74690,有一种东西不能遵循从众原则，那就是——人的良心, 译林出版社 , 2012-9 , 32.00元
笑傲江湖（全四册）,金庸 , ,9.0,87436,欲练此功，必先自宫, 生活·读书·新知三联书店 , 1994-5 , 76.80元
月亮和六便士,[英] 毛姆 , 傅惟慈 ,9.0,131485,有多少人会经历顿悟，就有更少的人甘愿自我放逐, 上海译文出版社 , 2006-8 , 15.00元
中国历代政治得失,钱穆 , ,9.2,42243,一部简明的“中国政治制度史”, 生活·读书·新知三联书店 , 2001 , 12.00元
肖申克的救赎,[美] 斯蒂芬·金 , 施寄青 ,9.1,84122,豆瓣电影Top1原著, 人民文学出版社 , 2006-7 , 29.90元
基督山伯爵,大仲马 , 周克希 ,9.0,99325,一个报恩复仇的故事，以法国波旁王朝和七月王朝为背景, 上海译文出版社 , 1991-12-1 , 43.90元
东方快车谋杀案,[英] 阿加莎·克里斯蒂 , 陈尧光 ,9.0,94977,谋杀诡计惊人，波洛的抉择耐人寻味, 人民文学出版社 , 2006-5 , 18.00元
追风筝的人,[美] 卡勒德·胡赛尼 , 李继宏 ,8.9,641891,为你，千千万万遍, 上海人民出版社 , 2006-5 , 29.00元
万历十五年,[美] 黄仁宇 , ,8.9,141802,见微知著，历史观的颠覆, 生活·读书·新知三联书店 , 1997-5 , 18.00元
夹边沟记事,杨显惠 , ,9.2,26366,一段尘封四十年的历史, 花城出版社 , 2008-09 , 34.00元
嫌疑人X的献身,[日] 东野圭吾 , 刘子倩 ,8.9,406709,数学好是一种极致的浪漫, 南海出版公司 , 2008-9 , 28.00
江城,[美] 彼得·海斯勒 , 李雪顺 ,9.0,36856,外国人眼中的涪陵, 上海译文出版社 , 2012-1 , 36.00元
寻路中国,[美] 彼得·海斯勒 , 李雪顺 ,9.0,41053,《纽约客》驻北京记者驾车漫游中国大陆的经历, 上海译文出版社 , 2011-1 , 33.00元
刀锋,[英]毛姆 , 周煦良 ,9.0,54100,一把刀的锋刃不容易越过；因此智者说得救之道是困难的, 上海译文出版社 , 2007-3 , 18.00元
呐喊,鲁迅 , ,8.9,88850,新文学的第一声呐喊, 人民文学出版社 , 1973年3月 , 0.36元
乡土中国,费孝通 , ,9.2,35435,中国乡土社会传统文化和社会结构理论研究代表作, 上海人民出版社 , 2006-4 , 38.00
新名字的故事,[意] 埃莱娜·费兰特 , 陈英 ,9.0,44330,探索青年时代的激情、困惑、挣扎、背叛和失去, 人民文学出版社 , 2017-4 , 59.00元
射雕英雄传（全四册）,金庸 , ,9.0,63788,侠之大者，为国为民, 生活·读书·新知三联书店 , 1999-04 , 47.00元
失踪的孩子,[意] 埃莱娜·费兰特 , 陈英 ,9.1,34454,我的整个生命，只是一场为了提升社会地位的低俗斗争。, 人民文学出版社 , 2018-7 , 62.00元
城南旧事,林海音 文 , ,9.0,98287,长亭外，古道边，芳草碧连天, 中国青年出版社 , 2003-7 , 16.00元
冰与火之歌,[美]乔治·R.R.马丁 , 谭光磊 ,9.5,8738,乔治·R·R·马丁史诗奇幻小说, 重庆出版社 , 2013-10-1 , 330.00元
傲慢与偏见,[英] 奥斯丁 , 张玲 ,8.9,184658,所有现代言情小说的母体, 人民文学出版社 , 1993-7 , 13.00元
格林童话全集,[德国]格林兄弟 , 魏以新 ,9.0,68475,一本有教育意义的书, 人民文学出版社 , 1994-11 , 21.45元
我与地坛,史铁生 , ,9.1,57892,这是你的罪孽与福祉, 春风文艺出版社 , 2002-5 , 25.00元
黄金时代,王小波 , ,8.9,122613,我想爱，想吃，还想在一瞬间变成天上半明半暗的云, 花城出版社 , 1999-3 , 19.00元
历史深处的忧虑,林达 , ,9.0,36224,窥见美国社会的一扇窗, 生活·读书·新知三联书店 , 1997-5 , 19.00元
无人生还,[英] 阿加莎・克里斯蒂 , 祁阿红 ,8.9,97103,童谣杀人案, 人民文学出版社 , 2008-3 , 19.00
文学回忆录（全2册）,木心 口述 , ,9.1,33526,木心留给世界的礼物, 广西师范大学出版社 , 2013-1-10 , 98.00元
白鹿原,陈忠实 , ,9.2,43060,一轴关于我们民族灵魂的现实主义画卷, 人民文学出版社 , 2012-9 , 39.00元
史记（全十册）,司马迁 , （索引）司马贞，（正义）张守节 ,9.5,16608,史家之绝唱，无韵之离骚, 中华书局 , 1982-11 , 125.00
神雕侠侣,金庸 , 有1996年11月北平第4次印本 ,8.9,79440,至情至性，情大于武, 生活·读书·新知三联书店 , 1994-5 , 76.80元
艺术的故事,[英] 贡布里希 (Sir E.H.Gombrich) , 范景中 ,9.6,14623,从最早的洞窟绘画到当今的实验艺术, 广西美术出版社 , 2008-04 , 280.00
悲惨世界（上中下）,[法] 雨果 , 李丹 ,9.0,49171,现实主义与浪漫主义的至高杰作, 人民文学出版社 , 1992-6 , 66.00元
上帝掷骰子吗,曹天元 , ,9.2,22022,量子物理史话, 辽宁教育出版社 , 2006-1 , 32.00元
许三观卖血记,余华 , ,8.8,188930,以博大的温情描绘磨难中的人生, 南海出版公司 , 1998-9 , 16.80元
哭泣的骆驼,三毛 , ,8.9,44256,沙漠中寻常的生与死, 哈尔滨出版社 , 2003-6 , 15.80元
看见,柴静 , ,8.8,273580,在这里看见中国, 广西师范大学出版社 , 2013-1-1 , 39.80元
浪潮之巅,吴军 , ,9.0,26179,了解IT领域的入门读物, 电子工业出版社 , 2011-8 , 55.00元
卡拉马佐夫兄弟,[俄] 费奥多尔·陀思妥耶夫斯基 , 荣如德 ,9.4,14597,错综复杂的社会、家庭矛盾和人性悲剧, 上海译文出版社 , 2006-8 , 25.00元
灿烂千阳,[美] 卡勒德·胡赛尼 , 李继宏 ,8.8,90456,唯有希望与爱可以驱散阴霾, 上海人民出版社 , 2007-9 , 28.00元
邓小平时代,[美] 傅高义 , 冯克利 ,9.1,28467,个人命运背后的历史变局, 生活·读书·新知三联书店 , 2013-1 , 88.00元
树上的男爵,[意大利]伊塔洛·卡尔维诺 , 吴正仪 ,9.1,22466,是不是真的只有先与人疏离，才能最终与他们在一起？, 译林出版社 , 2012-4-1 , 30.00元
台北人,白先勇 , ,8.9,34576,白先勇短篇小说集, 广西师范大学出版社 , 2010-10 , 38.00元
诗经,孔丘 编订 , ,9.4,16954,思无邪, 北京出版社 , 2006-7 , 19.90元
人间词话,王国维 , ,9.0,39372,以新眼光评旧文学, 上海古籍出版社 , 1998-12-01 , 9.80元
窗边的小豆豆,[日] 黑柳彻子 著 , 赵玉皎 ,8.7,156745,真正懂孩子的教育经, 南海出版公司 , 2003-1 , 20.00元
永恒的终结,[美] 艾萨克·阿西莫夫 , 崔正男 ,9.0,23191,关于时间旅行的终极奥秘和恢宏构想, 江苏凤凰文艺出版社 , 2014-9-1 , 32.00元
西游记（全二册）,吴承恩 , 黄肃秋 注释 ,8.9,57717,神魔皆有人情，精魅亦通世故, 人民文学出版社 , 2004-8 , 47.20元
爱你就像爱生命,王小波 , ,8.8,83540,王小波与李银河的两地书, 上海锦绣文章出版社 , 2008-5 , 18.00元
我们仨,杨绛 , ,8.7,236600,家庭生活回忆录, 生活·读书·新知三联书店 , 2003-7 , 18.80元
悉达多,[德] 赫尔曼·黑塞 , 杨玉功 译 ,9.0,24788,在那最绝望的一刹那，他突然听到了生命之河永恒的声音……, 上海人民出版社 , 2009-3 , 20.00
巨人的陨落,[英] 肯·福莱特 , 于大卫 ,8.9,65660,五个家族，一场战争, 江苏凤凰文艺出版社 , 2016-5-1 , 129.80元
道德经精义,黄元吉 , ,9.4,12526,中国历史上首部完整的哲学著作, 陕西人民出版社 , 1996-10 , 4.50元
这些人，那些事,吴念真 , ,8.8,55804,平淡叙述下的惊心动魄, 译林出版社 , 2011-9 , 28.00元
一个叫欧维的男人决定去死,[瑞典] 弗雷德里克·巴克曼 , 宁蒙 ,9.0,33714,这个发生在瑞典的故事，如生命庆典般绚丽斑斓, 四川文艺出版社 , 2015-12 , 35.00元
教父,[美]马里奥·普佐 , 周汉林 ,9.0,31191,“教父三部曲”电影原著, 译林出版社 , 1997-8 , 23.30元
最好的告别,[美] 阿图·葛文德（Atul Gawande） , 王一方 主编 ,9.0,24503,关于衰老与死亡，你必须知道的常识, 浙江人民出版社 , 2015-7-31 , CNY 54.90
你当像鸟飞往你的山,[美] 塔拉·韦斯特弗 , 任爱红 ,8.9,55886,我来自一个极少有人能想象的家庭，教育给了我新世界, 南海出版公司 , 2019-10-20 , 59.00元
海子的诗,海子 , ,8.9,32975, , 人民文学出版社 , 1999-04 , 15.40
呼兰河传,萧红 , ,8.9,53744,萧红的童年往事, 百花文艺出版社 , 2005-01 , 19.00
飞鸟集,[印] 罗宾德拉纳德·泰戈尔 , 徐翰林 ,8.9,49997,一个淡泊清透的世界, 哈尔滨出版社 , 2004-6 , 16.80元
看不见的城市,[意大利]伊塔洛·卡尔维诺 , 张宓 ,8.8,33808,每一座城市都只在想象中耸立，又在描述中坍圮, 译林出版社 , 2006-8 , 16.00元
唐诗三百首,蘅塘退士 , ,9.4,13997,熟读唐诗三百首，不会吟诗也会吟, 中华书局 , 1998-1-1 , 0.65
鹿鼎记（全五册）,金庸 , ,8.8,45000,武侠的解构，流氓的狂欢, 广州出版社 花城出版社 , 2008-3 , 108.00元
朝花夕拾,鲁迅 , ,8.8,83739,在纷扰中寻出一点闲静, 人民文学出版社 , 1972年4月 , 0.25元
人生的枷锁,[英] 毛姆 , 张柏然 ,9.0,19656,在混沌纷扰的生活漩流中，寻求人生的真谛, 上海译文出版社 , 2007-3 , 32.00元
梦里花落知多少,三毛 , ,8.8,75357,哀而不伤, 北京十月文艺出版社 , 2007-6 , 28.00元
斯通纳,[美] 约翰·威廉斯 , 杨向荣 ,8.8,32742,即使不能拥有完美的生活，所幸追求过完整的自我, 上海人民出版社 , 2016-1 , 39.00元
边城,沈从文 , ,8.7,176937,一切充满了善，然而到处是不凑巧, 北岳文艺出版社 , 2002-4 , 12.00元
罗杰疑案,[英] 阿加莎·克里斯蒂 , 张江云 ,8.9,26981,阿加莎·克里斯蒂代表作, 人民文学出版社 , 2006-5 , 21.00元
金色梦乡,[日] 伊坂幸太郎 , 李彦桦 ,9.0,18530,伊坂幸太郎代表作, 译林出版社 , 2010-9 , 35.00元
时间简史,[英] 史蒂芬·霍金 , 许明贤 ,8.8,46064,探索时间和空间的核心秘密, 湖南科学技术出版社 , 2010-4 , 45.00元
叫魂,[美] 孔飞力 , 陈兼 ,9.0,19056,1768年中国妖术大恐慌, 生活·读书·新知三联书店 上海三联书店 , 2012-5 , 38.00元
王尔德童话,[英] 王尔德 , 王林 ,9.1,15573,一颗纯美纯善、永难泯灭的童心, 译林出版社 , 2003-6 , 6.00元
陆犯焉识,严歌苓 , ,8.8,43471,翻手为苍凉，覆手为繁华, 作家出版社 , 2011-10 , 35.00元
冬牧场,李娟 , ,9.0,17532,阿勒泰的精灵, 新星出版社 , 2012-6 , 29.80元
一个陌生女人的来信,[奥] 斯台芬·茨威格 , 张玉书 ,8.7,105575,暗恋的极致, 上海译文出版社 , 2007-7 , 20.00元
人生的智慧,[德] 阿图尔·叔本华 , 韦启昌 ,9.2,15924,对世俗、实用问题深刻而透彻的讨论, 上海人民出版社 , 2008-10 , 28.00元
鼠疫,(法)阿尔贝·加缪 , 刘方 ,9.1,21136,用别样的监禁生活再现某种监禁生活，与用不存在的事表现真事同等合理, 上海译文出版社 , 2013-8 , 34.00元
美的历程,李泽厚 , ,9.2,15737,中国美学经典之作, 生活·读书·新知三联书店 , 2009-7-1 , 43.00元
國史大綱（上下）,錢穆 , ,9.3,12030,钱穆中国通史, 商務印書館 , 2013-8 , 76.00元
彷徨,鲁迅 , ,8.9,21553,路漫漫其修远兮，吾将上下而求索, 人民文学出版社 , 1973年3月 , 0.37元
野草,鲁迅 , ,9.3,11502,我以这一丛野草，在明与暗，生与死，过去与未来之际，献于友与仇，人与兽，爱者与不爱者之前作证。, 人民文学出版社 , 1973-3 , 0.20元
孩子你慢慢来,龙应台 , ,8.7,61563,我们现在怎样做母亲, 生活·读书·新知三联书店 , 2009-12-1 , 28.00元
史蒂夫·乔布斯传,[美] 沃尔特·艾萨克森 , 管延圻 ,8.7,47010,完美主义者的最高形态, 中信出版社 , 2011-10-24 , 68.00元
苏菲的世界,[挪] 乔斯坦·贾德 , 萧宝森 ,8.8,36771,哲学启蒙书, 作家出版社 , 2007-10 , 26.00元
爱的艺术,[美] 艾·弗洛姆 , 李健鸣 ,8.8,28469,谦恭地、勇敢地、真诚地和有纪律地爱他人, 上海译文出版社 , 2008-4 , 15.00元
我也有一个梦想,林达 , ,9.0,12914,在法治国家里，民众怎样运用法律, 生活·读书·新知三联书店 , 2004-08 , 25.00元
九州·缥缈录,江南 , ,8.9,4031,一轴腥风血雨的乱世长卷，中国版《冰与火之歌》, 人民文学出版社 , 2015-10 , 198.00元
万水千山走遍,三毛 , ,8.8,34092,从遥远的撒哈拉到敦煌戈壁, 哈尔滨出版社 , 2003-08 , 13.80
送你一颗子弹,刘瑜 , ,8.6,126225,在这本书里，被“审视”的东西杂七杂八, 上海三联书店 , 2010-1 , 25.00元
浮生六记,（清）沈复 , ,8.8,44005,苟不记之笔墨，未免有辜彼苍之厚, 人民文学出版社 , 1999-1 , 5.70元
离开的，留下的,[意] 埃莱娜·费兰特 , 陈英 ,8.7,33333,探索中年的虚无、困惑、野心和近乎残暴的爱, 人民文学出版社 , 2017-10 , 62.00
孽子,白先勇 , ,9.1,15092,写给那一群， 在最深最深的黑夜里， 独自彷徨街头， 无所依归的孩子们, 广西师范大学出版社 , 2010.10 , 46.00元
情书,[日] 岩井俊二 , 穆晓芳 ,8.6,85495,一场同名同姓的误会，两段可贵的爱情, 天津人民出版社 , 2004-7 , 18.00元
目送,龙应台 , ,8.6,183698,不必追, 生活·读书·新知三联书店 , 2009-10 , 39.00元
野火集,龙应台 , ,8.8,29870,中国人，你为什么不生气, 文汇出版社 , 2005-8 , 25.00元
经济学原理（上下）,[美] 曼昆 , 梁小民 ,9.1,15092,经济学家们的世界观, 机械工业出版社 , 2003-8 , 88.00元
昨日的世界,[奥] 斯蒂芬·茨威格 , 舒昌善 ,9.2,9662,一个高贵而残破的昨日镜像, 广西师范大学出版社 , 2004-5-1 , 32.00元
亲爱的安德烈,龙应台 , ,8.6,101653,弭平代沟，跨越文化阻隔, 人民文学出版社 , 2008-12 , 26.00
亮剑,都梁 , ,8.9,19451,面对强大的对手，明知不敌，也要毅然亮剑, 解放军文艺出版社 , 2005-3 , 28.00元
不能承受的生命之轻,米兰·昆德拉 , 许钧 ,8.8,30569, , 上海译文出版社 , 2010-8 , 29.00元
球状闪电,刘慈欣 , ,8.7,52569,量子之外，没有真相, 四川科学技术出版社 , 2005-6 , 22.00元
绿毛水怪,王小波 , ,9.0,14875,我们好象在池塘的水底，从一个月亮走向另一个月亮, 时代文艺出版社 , 2009-1 , 30.00元
倾城之恋,张爱玲 , ,8.7,36423,“一对平凡的夫妻”之间的“一点真心”, 北京十月文艺出版社 , 2006-12 , 29.80元
献给阿尔吉侬的花束,[美] 丹尼尔·凯斯 , 陈澄和 ,9.0,15717,当声称能改造智能的科学实验选中心智障碍主角, 广西师范大学出版社 , 2015-4 , 36.00元
古文观止,吴楚材 , ,9.1,13502,收录自先秦至明末的散文二百二十二篇, 中华书局 , 1987-1-1 , 21.00元
面纱,(英)W.萨默塞特·毛姆 , 阮景林 ,8.7,40832,揭去生活的面纱, 重庆 , 2012-05-01 , 32.00元
激荡三十年,吴晓波 , ,8.6,10256,中国企业1978—2008, 中信出版社 , 2008-7-1 , 32.00元
解忧杂货店,[日] 东野圭吾 , 李盈春 ,8.5,636843,现代人内心流失的东西，这家杂货店能帮你找回, 南海出版公司 , 2014-5 , 39.50元
温柔的夜,三毛 , ,9.1,15064,三毛在加纳利群岛的生活, 北京十月文艺出版社 , 2007-5 , 28.00元
银河系漫游指南,[英] 道格拉斯·亚当斯 , 徐百柯 ,8.8,17512,一场穿越银河的冒险, 四川科学技术出版社 , 2005-6 , 16.00元
枪炮、病菌与钢铁,[美] 贾雷德·戴蒙德 , 谢延光 ,8.7,31415,人类社会的命运, 上海世纪出版集团 , 2006-4-1 , 45.00元
渴望生活,[美] 欧文·斯通 , 常涛 ,9.2,9059,梵高悲惨而成就辉煌的人生, 北京十月文艺出版社 , 2008-4 , 29.80元
我的阿勒泰,李娟 , ,8.8,17671,描写疆北阿勒泰地区生活和风情的原生态散文集, 云南人民出版社 , 2010-7-1 , 22.00元
麦琪的礼物,[美] 欧·亨利 , 张经浩 ,8.6,57282,日常的奇迹, 上海社会科学院出版社 , 2003-7 , 25.00元
半生缘,张爱玲 , ,8.6,69181,世钧，我们回不去了, 北京十月文艺出版社 , 2006-12 , 28.00元
四世同堂,老舍 , ,9.3,14709,北平沦陷时代广大平民的悲惨遭遇, 北京十月文艺出版社 , 2008-07 , 36.00元
阿勒泰的角落,李娟 , ,9.1,11351,白雪和阳光，青草和白桦林, 万卷出版公司 , 2010-6 , 25.00元
尼罗河上的惨案,[英] 阿加莎·克里斯蒂 , 宫英海 ,8.7,35613,阿加莎·克里斯蒂代表作, 人民文学出版社 , 2006-5 , 22.00元
万物有灵且美,[英] 吉米·哈利 , 种衍伦 ,8.8,18139,活泼的生命完全无须借助魔法，便能对我们述说至美至真的故事, 中国城市出版社 , 2010-1 , 28.80
霸王别姬,李碧华 , ,9.1,12550,人间，只是抹去了脂粉的脸, 人民文学出版社 , 1999-1 , 10.20元
天朝的崩溃,茅海建 , ,9.1,10489,鸦片战争再研究, 生活·读书·新知三联书店 , 2005-7 , 32.00元
小径分岔的花园,[阿根廷] 豪·路·博尔赫斯 , 王永年 ,8.9,15766,一个谜语，谜底正是时间, 上海译文出版社 , 2015-7 , 23.00
总统是靠不住的,林达 , ,8.8,17316,美国政治法律制度的基本原理和操作细节, 生活·读书·新知三联书店 , 2004-08 , 21.80
民主的细节,刘瑜 , ,8.6,68843,公民养成手册, 上海三联书店 , 2009-6 , 25.00
德米安,[德] 赫尔曼·黑塞 , 丁君君 ,9.0,14893,少年辛克莱寻找通向自身之路的艰辛历程, 上海人民出版社 , 2009-3 , 25.00元
最好的我们,八月长安 , ,8.7,55341,耿耿余淮, 湖南文艺出版社 , 2013-8-5 , 55
我不知道该说什么，关于死亡还是爱情,S.A.阿列克谢耶维奇 , ,9.0,13860,真实记录切尔诺贝利核灾难事件,铁葫芦图书 , 2014-6-15 , 34.80元
受戒,汪曾祺 , ,9.3,12189,江南乡镇民间生活，健康淳朴的人性, 漓江出版社 , 1987-10 , 3.95元
荆棘鸟,[澳] 考琳·麦卡洛 , 曾胡 ,8.6,44640,澳洲乱世情, 译林出版社 , 1998-7 , 28.00元
故事,[美] 罗伯特·麦基 , 周铁东 ,9.2,10008,材质、结构、风格和银幕剧作的原理, 天津人民出版社 , 2014-9-1 , 68.00元
社会心理学,[美] 戴维·迈尔斯 , 张智勇 ,9.0,17327,人们是如何思索、影响他人并与他人建立联系的, 人民邮电出版社 , 2006-1 , 68.00元
罗生门,[日]芥川龙之介 , 林少华 ,8.7,46534,人生，远比地狱更像地狱, 上海译文出版社 , 2008-7 , 12.00元
棋王,阿城 , ,8.8,21109,我从未真正见过火，也未见过毁灭，更不知新生, 作家出版社 , 1999-10 , 13.00
全球通史,(美) 斯塔夫里阿诺斯 , 吴象婴 ,9.1,10151,从史前史到21世纪, 北京大学出版社 , 2012-2-1 , 168.00元
倚天屠龙记(共四册),金庸 , ,8.6,48836,不识张郎是张郎, 三联书店 , 1999-04 , 47.00
此生未完成,于娟 , ,8.9,16088,一个母亲、妻子、女儿的生命日记, 湖南科技出版社 , 2011-5 , 26.00元
上学记,何兆武 口述 , ,8.9,12119,20世纪中国知识分子的心灵史, 生活·读书·新知三联书店 , 2006-8 , 19.80元
顾城的诗,顾城 , ,8.8,18405,火焰是我们诗歌唯一的读者, 人民文学出版社 , 1998-12 , 20.00
失明症漫记,(葡)若泽·萨拉马戈 , 范维信 ,9.1,11725,失明症迅速蔓延，整个城市陷入一场空前的灾难, 南海出版公司 , 2014-2 , 29.50
一句顶一万句,刘震云 , ,8.7,36700,一句胜过千年, 长江文艺出版社 , 2009-3 , 29.80
罪与罚,[俄] 陀思妥耶夫斯基 , 岳麟 ,9.1,11747,描绘人内心的全部深度, 上海译文出版社 , 2006-8 , 23.00元
正见,宗萨蒋扬钦哲仁波切 , 姚仁喜 ,8.8,14610,佛陀的证悟, 中国友谊出版公司 , 2007-1 , 25.00元
牧羊少年奇幻之旅,[巴西] 保罗·柯艾略 , 丁文林 ,8.5,119114,你自己就是最大的宝藏, 南海出版公司 , 2009-3-1 , 25.00元
雨季不再来,三毛 , ,8.7,39841,三毛少女时代的成长感受, 北京十月文艺出版社 , 2007-7 , 28.00元
雷雨,曹禺 , ,8.6,59279,一幕人生大悲剧，在一个雷雨夜爆发, 人民文学出版社 , 1999-05 , 9.20
理想国,[古希腊] 柏拉图 , 郭斌和 ,8.7,22363,人类历史上最早的乌托邦, 商务印书馆 , 1986-8 , 28.00元
人间草木,汪曾祺 , ,9.0,15042,我就是要这样香，香得痛痛快快, 江苏文艺出版社 , 2005-01 , 20.00元
水浒传（全二册）,[明] 施耐庵 , ,8.6,57059,替天行道, 人民文学出版社 , 1997-1 , 50.60元
草房子,曹文轩 , ,9.0,19511,男孩桑桑刻骨铭心、终身难忘的六年小学生活, 江苏少年儿童出版社 , 2009-6 , 18.00元
从一到无穷大,[美] G. 伽莫夫 , 暴永宁 译 ,9.1,9521,科学中的事实和臆测, 科学出版社 , 2002-11 , 29.00元
一千零一夜,纳训 , ,8.7,43913,阿拉伯地区的古代民间传说, 人民文学出版社 , 2003-01 , 22.0
青铜时代,王小波 , ,8.7,19776,唐人传奇贯注现代情趣, 花城出版社 , 1997-5 , 29.00元
黑客与画家,[美] Paul Graham , 阮一峰 ,8.7,18424,硅谷创业之父Paul Graham文集, 人民邮电出版社 , 2011-4 , 49.00元
孙子兵法,孙武 , 郭化若 ,9.4,8520,我国最古老最杰出的一部兵书, 上海古籍出版社 , 2006-7 , 20.00元
茶馆,老舍 , ,9.0,13653,清末、民初、抗战胜利以后三个历史时期的北京生活风貌, 人民文学出版社 , 2002-1 , 9.80元
认识电影,[美] 路易斯·贾内梯 , 焦雄屏 ,8.9,13623,电影入门经典之作, 世界图书出版公司 , 2007-11 , 68.00元
我的天才女友,[意] 埃莱娜·费兰特 , 陈英 ,8.5,56939,“那不勒斯四部曲”第一部，两个女人，50年的友谊和战争, 人民文学出版社 , 2017-1 , 42.00元
巨流河,齐邦媛 , ,8.7,25127,两代人从巨流河到哑口海的故事, 生活·读书·新知三联书店 , 2010-10 , 39.00元
圣经,中国基督教协会 , ,9.0,15773,上帝说，要有光,中国基督教协会 , 中国基督教协会 , 1996
火星救援,[美] 安迪·威尔 , 陈灼 ,8.9,12306,跟火星来一场不是你死就是我活的过家家游戏, 译林出版社 , 2015-10 , 38.00
一桩事先张扬的凶杀案,[哥伦比亚] 加西亚·马尔克斯 , 魏然 ,8.7,22513,我如此急切地想要讲述这桩案件，也许是它最终确定了我的作家生涯, 南海出版公司 , 2013-6 , 25.00元
繁花,金宇澄 , ,8.7,19185,海上繁花，请静观静读, 上海文艺出版社 , 2013-3 , 48.00元
中国哲学简史,冯友兰 , 赵复三 ,8.9,15045,中国哲学入门书, 新世界出版社 , 2004-1 , 38.00元
银河帝国：基地七部曲,[美] 艾萨克·阿西莫夫 , 叶李华 ,9.5,4832,阿西莫夫经典科幻小说, 江苏凤凰文艺出版社 , 2015-10-1 , 328.00元
众病之王,[美] 悉达多·穆克吉 , 李虎 ,9.1,8064,癌症传, 中信出版社 , 2013-2-4 , 42.00元
简爱（英文全本）,[英] 夏洛蒂·勃朗特 , ,8.5,185741,灰姑娘在十九世纪, 世界图书出版公司 , 2003-11 , 18.00元
海风中失落的血色馈赠,[加拿大] 阿利斯泰尔·麦克劳德 , 陈以侃 ,9.1,9515,男女之间、父母与子女之间紧密的纽带和难以逾越的鸿沟, 上海文艺出版社 , 2015-6-1 , CNY 20.00
金锁记,张爱玲 , ,8.6,48596,一个小商人家庭出身的女子曹七巧的心灵变迁历程, 哈尔滨出版社 , 2005-6 , 13.5元
强风吹拂,三浦紫苑 , 林佩瑾 ,9.0,10853,明明这么痛苦，这么难过，为什么就是不能放弃跑步？, 广西师范大学出版社 , 2015-1-1 , 39.00元
设计中的设计,[日] 原研哉 , 朱锷 ,8.6,29429,日常生活的无限可能性, 山东人民出版社 , 2006-11 , 48.00元
额尔古纳河右岸,迟子建 , ,9.0,12739,东北少数民族鄂温克人生存现状及百年沧桑, 北京十月文艺出版社 , 2005-12-1 , 29.00元
庄子,孙通海 译注 , 方勇 译注 ,9.4,7348,野马也，尘埃也，生物之以息相吹也, 中华书局 , 2007-04 , 20.00元
恶意,[日] 东野圭吾 , 娄美莲 ,8.4,192842,将手记体叙事的无限可能发挥得淋漓尽致, 南海出版公司 , 2009-6 , 18.00
影响力,[美] 罗伯特·西奥迪尼 , 陈叙 ,8.6,39181,营销防骗指南, 中国人民大学出版社 , 2006-5 , 45.00元
象棋的故事,[奥] 斯台芬·茨威格 , 张玉书 ,9.1,8435,纳粹法西斯对人心灵的折磨及摧残, 上海译文出版社 , 2007-7 , 23.00元
稻草人手记,三毛 , ,8.9,14322,三毛在加纳利群岛上的生活, 北京十月文艺出版社 , 2009-3 , 18.00元
你一生的故事,[美] 特德·姜 , 李克勤 ,8.6,21538,特德·姜科幻小说集, 译林出版社 , 2015-5 , 36.00元
毛姆短篇小说精选集,(英)威廉·萨默塞特·毛姆 , 冯亦代 ,9.1,8357,在各种光怪陆离的场景中，迷失的人性引发了一连串的悲剧, 译林出版社 , 2012-11 , 36.00元
ZOO,[日] 乙一 , 李颖秋 ,8.6,33743,噩梦中的一丝温度, 当代世界出版社 , 2007-10 , 20.00元
狂热分子,[美] 埃里克·霍弗 , 梁永安 ,8.9,10028,探讨群众运动的共有特征, 广西师范大学出版社 , 2011-6 , 34.00元
夏洛的网,[美] E.B.怀特 , 任溶溶 ,8.6,51101,一个蜘蛛和小猪的故事，写给孩子，也写给大人, 上海译文出版社 , 2004-5 , 17.00元
世界的凛冬,[英] 肯·福莱特 , 陈杰 ,8.8,19513,我亲眼目睹，每一个迈向死亡的生命都在热烈地生长, 江苏凤凰文艺出版社 , 2017-3-1 , 132.00（全三册）
世界尽头与冷酷仙境,[日] 村上春树 , 林少华 ,8.6,36848,交叉平行蒙太奇, 上海译文出版社 , 2002-12 , 23.00元
香水,[德] 帕·聚斯金德 , 李清华 ,8.5,36080,每一次谋杀只因迷恋她们身上的味道, 上海译文出版社 , 2005-5 , 20.00元
挪威的森林,[日] 村上春树 , 林少华 ,8.5,98794,像喜欢春天的熊一样, 上海译文出版社 , 2007-7 , 23.00元
论语,中华书局 , ,9.1,12409,仁远乎哉？我欲仁，斯仁至矣,中华书局 , 2006-12 , 9.80元
佐贺的超级阿嬷,[日] 岛田洋七 , 陈宝莲 ,8.7,18148,乐观的外婆却总有神奇的办法, 南海出版公司 , 2007-3 , 20.00元
社会契约论,卢梭 , 何兆武 ,8.8,13351,一个国家只能有一个契约, 商务印书馆 , 2003-2-1 , 18.00元
当呼吸化为空气,[美] 保罗·卡拉尼什 , 何雨珈 ,8.8,15614,你在死亡中探究生命的意义，你见证生前的呼吸化作死后的空气, 猫头鹰文化·浙江文艺出版社 , 2016-12 , 48.00元
告白,[日]凑佳苗 , 丁世佳 ,8.5,10459, , 哈尔滨出版社 , 2010年6月 , 26.00元
牡丹亭,汤显祖 , ,9.0,9219,不到园林，怎知春色如许, 人民文学出版社 , 1963-4-1 , 14.50元
步履不停,[日] 是枝裕和 , 郑有杰 ,8.7,24831,人生路上，步履不停，总有那么一点来不及, 北京联合出版公司 , 2017-5 , 36.80元
故事新编,鲁迅 , ,9.2,7638,拾取古代传说，取一点因由，随意点染, 人民文学出版社 , 1973-12-01 , 0.31 元
多情剑客无情剑(上、中、下),古龙 , ,8.7,16530,流水滔滔斩不断，情丝百结冲不破, 海天出版社 , 1991-12-01 , 49.8
人类的群星闪耀时,[奥] 斯蒂芬·茨威格 , 舒昌善 ,8.7,19953,十四个影响人类文明的瞬间, 广西师范大学出版社 , 2004-8 , 18.00元
荒原狼,[德]赫尔曼·黑塞 , 赵登荣 ,9.0,10128,“超现实主义”风格作品，德国的《尤利西斯》, 上海译文出版社 , 2008-7 , 13.00
通往奴役之路,弗里德利希・冯・哈耶克 , 王明毅 ,8.8,12437,古典自由主义杰作, 中国社会科学出版社 , 1997-08-01 , 16.00
别闹了，费曼先生,费曼 , 吴程远 ,8.9,8455,科学顽童的故事, 生活·读书·新知三联书店 , 1997-12 , 22.00
老人与海,海明威 , 吴劳 ,8.4,153943,正是悲壮赋予生活以意义, 上海译文出版社 , 1999-10 , 8.20元
二手时间,[白俄] S. A. 阿列克谢耶维奇 , 吕宁思 ,8.8,13734,用最为细小的马赛克拼出了一幅完整的后苏联时代图景, 中信出版集团 , 2016-1 , 55.00元
哈姆莱特,[英] 莎士比亚 , 朱生豪 ,8.6,35240,生存还是毁灭，这是一个值得思考的问题, 人民文学出版社 , 2001-1 , 7.00元
美国宪政历程,任东来 , ,9.1,6674,25个案例异彩纷呈，美国宪政的酸甜苦辣尽在其中, 中国法制出版社 , 2014-1 , 35.00元
美丽新世界,[英] 阿道司·赫胥黎 , 王波 ,8.7,20715,最经典的反乌托邦文学之一, 重庆出版社 , 2005-6 , 20.00元
欢乐英雄,古龙 , ,8.8,12731,坚持自己的信念，在贫穷中获得欢乐与友谊, 珠海出版社 , 2005-8 , 28.00元
金阁寺,[日] 三岛由纪夫 , 唐月梅 ,8.7,19697,他的犯罪动机是对美的嫉妒, 上海译文出版社 , 2009-1 , 24.00
一个人的村庄,刘亮程 , ,8.9,11571,他是真正的作家，也是真正的农民, 春风文艺出版社 , 2006-1-1 , 28.00元
海底两万里,[法国] 儒尔·凡尔纳 , 沈国华 ,8.5,79170,你听说过鹦鹉螺号吗？, 译林出版社 , 2002-9 , 19.50元
西方哲学史（上卷）,[英] 罗素 , 何兆武 ,8.9,11411,西方哲学史及其与从古代到现代的政治、社会情况的联系, 商务印书馆 , 1963-9 , 25.00
规训与惩罚,[法] 米歇尔·福柯 , 刘北成 ,9.2,6109,伴随着惩罚的人性化，自由反而日益丧失了, 生活·读书·新知三联书店 , 2003-1 , 21.80元
棋王·树王·孩子王,阿城 , ,9.2,8393, , 江苏文艺出版社 , 2016-3-1 , 58.00
长袜子皮皮,[瑞典] 阿斯特丽德·林格伦 , 李之义 ,9.0,7964, , 中国少年儿童出版社 , 1999-3 , 17.80元
骆驼祥子,老舍 , ,8.4,149783,旧中国老北京贫苦市民的典型命运, 人民文学出版社 , 2000-3-1 , 12.00
批评官员的尺度,[美] 安东尼·刘易斯 , 何帆 ,8.9,8406,新闻自由史上的里程碑案件：《纽约时报》诉沙利文案, 北京大学出版社 , 2011-7 , 32.00元
尘埃落定,阿来 , ,8.5,51222,一个傻子的土司家族传奇, 人民文学出版社 , 1998-3-1 , 22.0
了不起的盖茨比,[美] 斯科特·菲茨杰拉德 , 邓若虚 ,8.7,23500, , 南海出版公司 , 2012-5 , 25.00元
那些回不去的年少时光·终场,桐华 , ,8.7,19214,青春的逝去并不可怕，可怕的是失去了勇敢地热爱生活的心, 江苏文艺出版社 , 2010-04 , 23.80元
过于喧嚣的孤独,(捷克) 赫拉巴尔 , 杨乐云 ,8.8,10669,我为它而活着，并为写它推迟了我的死亡, 北京十月文艺出版社 , 2011-10 , 22.00元
2001太空漫游,[英] 阿瑟·克拉克 , 郝明义 ,9.1,6540,科幻三巨头之一阿瑟·克拉克代表作, 上海人民出版社 , 2007-11 , 28.00元
社会性动物,Elliot Aronson , 邢占军 ,9.1,8243,美国社会心理学的《圣经》, 华东师范大学出版社 , 2007-12 , 45.00元
娱乐至死,[美] 尼尔·波兹曼 , 章艳 ,8.5,34514,一切公众话语都日渐以娱乐的方式出现，一切文化内容都成为娱乐的附庸, 广西师范大学出版社 , 2011-6 , 29.80元
心理学与生活,[美] 理查德·格里格 , 王垒 ,8.8,16161,是教科书，也是通俗易懂的好读物, 人民邮电出版社 , 2003-10 , 88.00元
小姨多鹤,严歌苓 , ,8.6,27658,两个女人的史诗, 作家出版社 , 2008-4 , 28.00元
论美国的民主,[法] 托克维尔 , 董果良 ,9.2,6861,上卷讲述美国政治制度，对美国的民主进行社会学分析，下卷以美国为背景发挥其政治哲学和政治社会学思想, 商务印书馆 , 1989-1-1 , 60.00
不存在的骑士,[意] 伊塔洛·卡尔维诺 , 吴正仪 ,8.9,9307, , 译林出版社 , 2012-4 , 22.00元
呼啸山庄,（英）勃朗特 , 张扬 ,8.4,102174,近乎暴虐的爱与恨, 人民文学出版社 , 1999-01-01 , 27.30元
